epoch,loss,mae,val_loss,val_mae
1,0.48342081904411316,0.8678127527236938,0.5259234309196472,0.8943827748298645
2,0.4125869572162628,0.7748350501060486,0.5024077892303467,0.8708655834197998
